{
    "Autofill Profile": [],
    "Autofill": [
        {
            "usage_timestamp": [13328753516000000],
            "name": "user_email",
            "value": "bordenchristiankyle@gmail.com"
},
        {
            "usage_timestamp": [13328753516000000],
            "name": "user_login",
            "value": "09438112031ckb"
},
        {
            "usage_timestamp": [13328734042000000],
            "name": "idNumber",
            "value": "Cc3623267"
},
        {
            "usage_timestamp": [13328753325000000],
            "name": "user[skype]",
            "value": "profile"
},
        {
            "usage_timestamp": [13328733724000000],
            "name": "sixth",
            "value": "7"
},
        {
            "usage_timestamp": [
                        13325228900000000,
                        13325229085000000
            ],
            "name": "email",
            "value": "09354468661"
},
        {
            "usage_timestamp": [13328733615000000],
            "name": "third",
            "value": "2"
},
        {
            "usage_timestamp": [13329891733000000],
            "name": "destination",
            "value": "Tagbilaran"
},
        {
            "usage_timestamp": [13325406623000000],
            "name": "passenger[0][last_name]",
            "value": "Borden"
},
        {
            "usage_timestamp": [13327463247000000],
            "name": "query",
            "value": "Ja ne"
},
        {
            "usage_timestamp": [
                        13328752881000000,
                        13328756315000000
            ],
            "name": "new_group_name",
            "value": "Account "
},
        {
            "usage_timestamp": [
                        13328733880000000,
                        13328733883000000
            ],
            "name": "base-input4",
            "value": "Gk"
},
        {
            "usage_timestamp": [
                        13328752143000000,
                        13328756715000000
            ],
            "name": "company_name",
            "value": "Access "
},
        {
            "usage_timestamp": [13328753325000000],
            "name": "user[website_url]",
            "value": "site"
},
        {
            "usage_timestamp": [13328743854000000],
            "name": "accountIdentifier",
            "value": "bordenchristiankyle@gmail.com"
},
        {
            "usage_timestamp": [13328749699000000],
            "name": "phoneCommChannel",
            "value": "9353214900"
},
        {
            "usage_timestamp": [13328751654000000],
            "name": "new_user[first_name]",
            "value": "Christian kyle "
},
        {
            "usage_timestamp": [
                        13329891725000000,
                        13329891733000000
            ],
            "name": "origin",
            "value": "Cebu City"
},
        {
            "usage_timestamp": [13328733615000000],
            "name": "fourth",
            "value": "7"
},
        {
            "usage_timestamp": [
                        13328733178000000,
                        13328733205000000
            ],
            "name": "q",
            "value": "Sim regeneration "
},
        {
            "usage_timestamp": [13328733724000000],
            "name": "fourth",
            "value": "1"
},
        {
            "usage_timestamp": [
                        13324140200000000,
                        13329848031000000
            ],
            "name": "email",
            "value": "bordenchristiankyle@yahoo.com"
},
        {
            "usage_timestamp": [13328753574000000],
            "name": "user_fields[occ]",
            "value": "profile"
},
        {
            "usage_timestamp": [13325406623000000],
            "name": "contact[email]",
            "value": "bordenchristiankyle@yahoo.com"
},
        {
            "usage_timestamp": [13328754816000000],
            "name": "group[path]",
            "value": "MATHEMATICS"
},
        {
            "usage_timestamp": [13328753574000000],
            "name": "user_fields[interests]",
            "value": "main"
},
        {
            "usage_timestamp": [13329891655000000],
            "name": "origin",
            "value": "Tubigon"
},
        {
            "usage_timestamp": [13328753325000000],
            "name": "user[pronouns]",
            "value": "profile"
},
        {
            "usage_timestamp": [13325228721000000],
            "name": "email",
            "value": "merasol@gmail.com082121"
},
        {
            "usage_timestamp": [13329646276000000],
            "name": "email",
            "value": "09510780684"
},
        {
            "usage_timestamp": [
                        13328753061000000,
                        13328754372000000
            ],
            "name": "key[title]",
            "value": "sitehttps://illumos.org/hcl/"
},
        {
            "usage_timestamp": [
                        13328752143000000,
                        13328756715000000
            ],
            "name": "phone_number",
            "value": "09353214900"
},
        {
            "usage_timestamp": [13328730848000000],
            "name": "keywords",
            "value": "Transformers "
},
        {
            "usage_timestamp": [
                        13328733880000000,
                        13328733883000000
            ],
            "name": "input-firstname",
            "value": "Kem Berlly"
},
        {
            "usage_timestamp": [13328730714000000],
            "name": "keywords",
            "value": "Underfunded "
},
        {
            "usage_timestamp": [13328751693000000],
            "name": "verification_code",
            "value": "385746"
},
        {
            "usage_timestamp": [13328733615000000],
            "name": "fifth",
            "value": "3"
},
        {
            "usage_timestamp": [13328733724000000],
            "name": "third",
            "value": "0"
},
        {
            "usage_timestamp": [13328733615000000],
            "name": "first",
            "value": "1"
},
        {
            "usage_timestamp": [
                        13328754816000000,
                        13328756386000000
            ],
            "name": "group[name]",
            "value": "∗ to H × H"
},
        {
            "usage_timestamp": [13328751654000000],
            "name": "new_user[username]",
            "value": "Bordenchristian2000"
},
        {
            "usage_timestamp": [
                        13328733880000000,
                        13328733883000000
            ],
            "name": "zipcode",
            "value": "6000"
},
        {
            "usage_timestamp": [13324705903000000],
            "name": "query",
            "value": "Roslyn A. Kuyat"
},
        {
            "usage_timestamp": [13328756115000000],
            "name": "user[login]",
            "value": "Bordenchristian2000"
},
        {
            "usage_timestamp": [13328749644000000],
            "name": "username",
            "value": "bordenchristiankyle@yahoo.com"
},
        {
            "usage_timestamp": [
                        13328733880000000,
                        13328733883000000
            ],
            "name": "input-middlename",
            "value": "Bulambao"
},
        {
            "usage_timestamp": [13328733724000000],
            "name": "second",
            "value": "2"
},
        {
            "usage_timestamp": [13328753574000000],
            "name": "user_fields[from]",
            "value": "site"
},
        {
            "usage_timestamp": [13328730834000000],
            "name": "keywords",
            "value": "Transformers Earthspark (2022-)"
},
        {
            "usage_timestamp": [13328733724000000],
            "name": "fifth",
            "value": "8"
},
        {
            "usage_timestamp": [13328753325000000],
            "name": "user[pronunciation]",
            "value": "personal_repl-1.1 en 0 utf-8"
},
        {
            "usage_timestamp": [13328751654000000],
            "name": "new_user[last_name]",
            "value": "Borden"
},
        {
            "usage_timestamp": [13328751765000000],
            "name": "group[name]",
            "value": "My site"
},
        {
            "usage_timestamp": [13328751654000000],
            "name": "new_user[email]",
            "value": "bordenchristiankyle@gmail.com"
},
        {
            "usage_timestamp": [13329848084000000],
            "name": "email",
            "value": "bordenchristiankyle@gmail.com"
},
        {
            "usage_timestamp": [
                        13328733880000000,
                        13328733883000000
            ],
            "name": "base-input3",
            "value": "155 GK village "
},
        {
            "usage_timestamp": [13325406623000000],
            "name": "contact[mobile]",
            "value": "+639353214900"
},
        {
            "usage_timestamp": [13328730799000000],
            "name": "keywords",
            "value": "Transformers"
},
        {
            "usage_timestamp": [13328754867000000],
            "name": "project[path]",
            "value": "site"
},
        {
            "usage_timestamp": [13328733724000000],
            "name": "first",
            "value": "4"
},
        {
            "usage_timestamp": [
                        13324176022000000,
                        13328888414000000
            ],
            "name": "email",
            "value": "09562260395"
},
        {
            "usage_timestamp": [13328753574000000],
            "name": "user_fields[url]",
            "value": "https://illumos.org/hcl/"
},
        {
            "usage_timestamp": [
                        13328751765000000,
                        13328754867000000
            ],
            "name": "project[name]",
            "value": "site"
},
        {
            "usage_timestamp": [13330015456000000],
            "name": "email",
            "value": "09070442976"
},
        {
            "usage_timestamp": [
                        13328742840000000,
                        13328759272000000
            ],
            "name": "login",
            "value": "bordenchristiankyle@gmail.com"
},
        {
            "usage_timestamp": [13328759632000000],
            "name": "DisplayPhoneNumber",
            "value": "+639353214900"
},
        {
            "usage_timestamp": [13325353134000000],
            "name": "q",
            "value": "Sol"
},
        {
            "usage_timestamp": [
                        13328759305000000,
                        13328759598000000
            ],
            "name": "DisplayPhoneNumber",
            "value": "09353214900"
},
        {
            "usage_timestamp": [13325406623000000],
            "name": "passenger[0][first_name]",
            "value": "Christian Kyle "
},
        {
            "usage_timestamp": [13324623202000000],
            "name": "email",
            "value": "09351484724"
},
        {
            "usage_timestamp": [13329464216000000],
            "name": "message",
            "value": "Happy birthday 😇😇"
},
        {
            "usage_timestamp": [13328730739000000],
            "name": "keywords",
            "value": "Tranformer"
},
        {
            "usage_timestamp": [13324142319000000],
            "name": "email",
            "value": "09070864518"
},
        {
            "usage_timestamp": [
                        13328756454000000,
                        13328756479000000
            ],
            "name": "customer[email]",
            "value": "bordenchristiankyle@gmail.com"
},
        {
            "usage_timestamp": [13328753325000000],
            "name": "user[linkedin]",
            "value": "https://illumos.org/hcl/"
},
        {
            "usage_timestamp": [13328753325000000],
            "name": "__BVID__21",
            "value": "Sing"
},
        {
            "usage_timestamp": [13328750601000000],
            "name": "login",
            "value": "bordenchristian2000"
},
        {
            "usage_timestamp": [13328733615000000],
            "name": "second",
            "value": "4"
},
        {
            "usage_timestamp": [13324623267000000],
            "name": "contact_point",
            "value": "09351484724"
},
        {
            "usage_timestamp": [13328756386000000],
            "name": "group[path]",
            "value": "to-h-h"
},
        {
            "usage_timestamp": [
                        13328733880000000,
                        13328733883000000
            ],
            "name": "input-lastname",
            "value": "Sabanal"
},
        {
            "usage_timestamp": [13325228622000000],
            "name": "email",
            "value": "merasol@gmail.com"
},
        {
            "usage_timestamp": [13328733615000000],
            "name": "sixth",
            "value": "5"
}
    ]
}