{
    "Typed Url": [
        {
            "visits": [
                        13329538466975927,
                        13329538620001722
            ],
            "hidden": false,
            "title": "porntube, porn tube, mobile porn, pornotube, you porn, youporn",
            "visit_transitions": [
                        -1577058303,
                        855638017
            ],
            "url": "https://www.youjizz.com/"
},
        {
            "visits": [13329538466975927],
            "hidden": false,
            "title": "porntube, porn tube, mobile porn, pornotube, you porn, youporn",
            "visit_transitions": [301989889],
            "url": "http://youjizz.com/"
}
    ]
}