{
    "Apps": [],
    "App Settings": [],
    "Preferences": [
        {
            "name": "browser.clear_data.time_period",
            "value": "4"
},
        {
            "name": "translate_denied_count_for_language",
            "value": "{\"ceb\":0,\"en\":0,\"fr\":0,\"tl\":1,\"zh-CN\":0}"
},
        {
            "name": "browser.clear_data.browsing_history_basic",
            "value": "true"
},
        {
            "name": "translate_site_blacklist",
            "value": "[]"
},
        {
            "name": "translate_force_trigger_on_english_count_for_backoff_1",
            "value": "-1"
},
        {
            "name": "profile.cookie_controls_mode",
            "value": "0"
},
        {
            "name": "sync.demographics_birth_year_offset",
            "value": "1"
},
        {
            "name": "translate_ignored_count_for_language",
            "value": "{\"ceb\":0,\"en\":0,\"fr\":0,\"tl\":0,\"zh-CN\":0}"
},
        {
            "name": "search.contextual_search_fully_opted_in",
            "value": "true"
},
        {
            "name": "search.contextual_search_enabled",
            "value": "\"true\""
},
        {
            "name": "browser.clear_data.form_data",
            "value": "false"
},
        {
            "name": "sharing.vapid_key",
            "value": "{\"vapid_creation_timestamp\":\"13313322663085322\",\"vapid_private_key\":\"MIGHAgEAMBMGByqGSM49AgEGCCqGSM49AwEHBG0wawIBAQQgbm21fNOZiA+nIvoIKHOyDxVkmdvEwYL9/8eZGteCEhKhRANCAAS8XIseffRBntDsa9IGWu0BwqiYr9+cKCejh1rBNbHjDQOEOktTosx5COuTC5tlsh7Wru8bmm+9QJ5hfgii9zZa\"}"
},
        {
            "name": "browser.clear_data.cache_basic",
            "value": "false"
},
        {
            "name": "translate_accepted_count",
            "value": "{\"ceb\":1,\"en\":3,\"fr\":3,\"tl\":0,\"zh-CN\":2}"
},
        {
            "name": "translate_auto_always_count",
            "value": "{\"tl\":2}"
},
        {
            "name": "dom_distiller.theme",
            "value": "0"
},
        {
            "name": "dom_distiller.font_family",
            "value": "2"
},
        {
            "name": "browser.clear_data.passwords",
            "value": "false"
},
        {
            "name": "dom_distiller.reader_for_accessibility",
            "value": "true"
},
        {
            "name": "intl.accept_languages",
            "value": "\"en-US,en\""
},
        {
            "name": "autofill.last_version_disused_addresses_deleted",
            "value": "70"
},
        {
            "name": "translate_site_blocklist_with_time",
            "value": "{}"
},
        {
            "name": "download.prompt_for_download_android",
            "value": "1"
},
        {
            "name": "translate_recent_target",
            "value": "\"en\""
},
        {
            "name": "browser.clear_data.cookies",
            "value": "false"
},
        {
            "name": "safebrowsing.enabled",
            "value": "true"
},
        {
            "name": "browser.clear_data.cache",
            "value": "false"
},
        {
            "name": "browser.clear_data.cookies_basic",
            "value": "false"
},
        {
            "name": "intl.selected_languages",
            "value": "\"en-US,en\""
},
        {
            "name": "browser.clear_data.site_settings",
            "value": "false"
},
        {
            "name": "net.easter_egg_high_score",
            "value": "9021"
}
    ],
    "Priority Preferences": [
        {"preference": {
            "name": "credentials_enable_sync",
            "value": "true"
}},
        {"preference": {
            "name": "safebrowsing.aesb_update_time_windows_epoch_micros",
            "value": "\"13313323329155367\""
}},
        {"preference": {
            "name": "credentials_password_manager_warm_welcome_last_seen",
            "value": "2022-11-19T18:49:35.148271Z"
}},
        {"preference": {
            "name": "credentials_last_password_checkup_time",
            "value": "2023-06-10T16:14:43.896408Z"
}},
        {"preference": {
            "name": "credentials_need_first_time_welcome",
            "value": "false"
}},
        {"preference": {
            "name": "sync.demographics",
            "value": "{\"gender\":1,\"birth_year\":2000}"
}}
    ],
    "Themes": [],
    "Web Apps": []
}